INSERT INTO orders(order_id, created_date, last_modified_date, delivery_member_address, delivery_member_name, member_id, order_date, order_status, total_price) VALUES(1, '2022-11-18 12:30:48', '2022-11-18 12:30:48', '서울 서초구 서초대로74길 33', '오재곤', 1, '2022-11-18 12:30:48', 'ORDER_SUCCESS', 66700);
INSERT INTO orders(order_id, created_date, last_modified_date, delivery_member_address, delivery_member_name, member_id, order_date, order_status, total_price) VALUES(2, '2022-11-18 09:10:25', '2022-11-18 09:10:25', '서울 서초구 서초대로74길 33', '오재곤', 1, '2022-11-18 09:10:25', 'ORDER_SUCCESS', 38400);
INSERT INTO orders(order_id, created_date, last_modified_date, delivery_member_address, delivery_member_name, member_id, order_date, order_status, total_price) VALUES(3, '2022-11-19 11:11:34', '2022-11-19 11:11:34', '서울 서초구 서초대로74길 33', '오재곤', 1, '2022-11-19 11:11:34', 'ORDER_SUCCESS', 30000);
INSERT INTO orders(order_id, created_date, last_modified_date, delivery_member_address, delivery_member_name, member_id, order_date, order_status, total_price) VALUES(4, '2022-11-19 11:10:24', '2022-11-19 11:10:24', '서울 서초구 서초대로74길 33', '오재곤', 1, '2022-11-19 11:10:24', 'ORDER_SUCCESS', 58800);
INSERT INTO orders(order_id, created_date, last_modified_date, delivery_member_address, delivery_member_name, member_id, order_date, order_status, total_price) VALUES(5, '2022-11-19 11:10:24', '2022-10-06 11:10:24', '서울 서초구 서초대로74길 33', '오재곤', 1, '2022-11-19 11:20:10', 'ORDER_SUCCESS', 22900);

INSERT INTO orders(order_id, created_date, last_modified_date, delivery_member_address, delivery_member_name, member_id, order_date, order_status, total_price) VALUES(6, '2022-11-13 11:10:24', '2022-11-13 11:10:24', '서울 서초구 서초대로74길 33', '오재곤', 1, '2022-11-13 11:10:24', 'ORDER_SUCCESS', 22900);
INSERT INTO orders(order_id, created_date, last_modified_date, delivery_member_address, delivery_member_name, member_id, order_date, order_status, total_price) VALUES(7, '2022-11-13 12:12:24', '2022-11-13 12:12:24', '서울 서초구 서초대로74길 33', '오재곤', 1, '2022-11-13 12:12:24', 'ORDER_SUCCESS', 58800);

INSERT INTO orders(order_id, created_date, last_modified_date, delivery_member_address, delivery_member_name, member_id, order_date, order_status, total_price) VALUES(8, '2022-01-13 12:12:24', '2022-01-13 12:12:24', '서울 서초구 서초대로74길 33', '오재곤', 1, '2022-01-13 12:12:24', 'ORDER_SUCCESS', 58800);
INSERT INTO orders(order_id, created_date, last_modified_date, delivery_member_address, delivery_member_name, member_id, order_date, order_status, total_price) VALUES(9, '2022-02-13 12:12:24', '2022-02-13 12:12:24', '서울 서초구 서초대로74길 33', '오재곤', 1, '2022-02-13 12:12:24', 'ORDER_SUCCESS', 58800);
INSERT INTO orders(order_id, created_date, last_modified_date, delivery_member_address, delivery_member_name, member_id, order_date, order_status, total_price) VALUES(10, '2022-03-13 12:12:24', '2022-03-13 12:12:24', '서울 서초구 서초대로74길 33', '오재곤', 1, '2022-03-13 12:12:24', 'ORDER_SUCCESS', 58800);
INSERT INTO orders(order_id, created_date, last_modified_date, delivery_member_address, delivery_member_name, member_id, order_date, order_status, total_price) VALUES(11, '2022-04-13 12:12:24', '2022-04-13 12:12:24', '서울 서초구 서초대로74길 33', '오재곤', 1, '2022-04-13 12:12:24', 'ORDER_SUCCESS', 58800);
INSERT INTO orders(order_id, created_date, last_modified_date, delivery_member_address, delivery_member_name, member_id, order_date, order_status, total_price) VALUES(12, '2022-05-13 12:12:24', '2022-05-13 12:12:24', '서울 서초구 서초대로74길 33', '오재곤', 1, '2022-05-13 12:12:24', 'ORDER_SUCCESS', 58800);
INSERT INTO orders(order_id, created_date, last_modified_date, delivery_member_address, delivery_member_name, member_id, order_date, order_status, total_price) VALUES(13, '2022-06-13 12:12:24', '2022-06-13 12:12:24', '서울 서초구 서초대로74길 33', '오재곤', 1, '2022-06-13 12:12:24', 'ORDER_SUCCESS', 58800);
INSERT INTO orders(order_id, created_date, last_modified_date, delivery_member_address, delivery_member_name, member_id, order_date, order_status, total_price) VALUES(14, '2022-07-13 12:12:24', '2022-07-13 12:12:24', '서울 서초구 서초대로74길 33', '오재곤', 1, '2022-07-13 12:12:24', 'ORDER_SUCCESS', 58800);
INSERT INTO orders(order_id, created_date, last_modified_date, delivery_member_address, delivery_member_name, member_id, order_date, order_status, total_price) VALUES(15, '2022-08-13 12:12:24', '2022-08-13 12:12:24', '서울 서초구 서초대로74길 33', '오재곤', 1, '2022-08-13 12:12:24', 'ORDER_SUCCESS', 58800);
INSERT INTO orders(order_id, created_date, last_modified_date, delivery_member_address, delivery_member_name, member_id, order_date, order_status, total_price) VALUES(16, '2022-09-13 12:12:24', '2022-09-13 12:12:24', '서울 서초구 서초대로74길 33', '오재곤', 1, '2022-09-13 12:12:24', 'ORDER_SUCCESS', 58800);


INSERT INTO order_product(order_product_id, created_date, last_modified_date, member_id, product_id, qty, unit_price, order_id) VALUES(1, '2022-11-18 11:11:54', '2022-11-18 11:11:54', 1, 66, 1, 22900, 1);
INSERT INTO order_product(order_product_id, created_date, last_modified_date, member_id, product_id, qty, unit_price, order_id) VALUES(2, '2022-11-18 11:11:54', '2022-11-18 11:11:54', 1, 71, 1, 24900, 1);
INSERT INTO order_product(order_product_id, created_date, last_modified_date, member_id, product_id, qty, unit_price, order_id) VALUES(3, '2022-11-18 11:11:54', '2022-11-18 11:11:54', 1, 78, 1, 18900, 1);
INSERT INTO order_product(order_product_id, created_date, last_modified_date, member_id, product_id, qty, unit_price, order_id) VALUES(4, '2022-11-18 11:11:54', '2022-11-18 11:11:54', 1, 100, 1, 20900, 2);
INSERT INTO order_product(order_product_id, created_date, last_modified_date, member_id, product_id, qty, unit_price, order_id) VALUES(5, '2022-11-18 11:11:54', '2022-11-18 11:11:54', 1, 105, 1, 17500, 2);
INSERT INTO order_product(order_product_id, created_date, last_modified_date, member_id, product_id, qty, unit_price, order_id) VALUES(6, '2022-11-19 11:11:54', '2022-11-19 11:11:54', 1, 121, 1, 30000, 3);
INSERT INTO order_product(order_product_id, created_date, last_modified_date, member_id, product_id, qty, unit_price, order_id) VALUES(7, '2022-11-19 11:11:54', '2022-11-19 11:11:54', 1, 101, 1, 19900, 4);
INSERT INTO order_product(order_product_id, created_date, last_modified_date, member_id, product_id, qty, unit_price, order_id) VALUES(8, '2022-11-19 11:11:54', '2022-11-19 11:11:54', 1, 79, 1, 18900, 4);
INSERT INTO order_product(order_product_id, created_date, last_modified_date, member_id, product_id, qty, unit_price, order_id) VALUES(9, '2022-11-19 11:11:54', '2022-11-19 11:11:54', 1, 35, 1, 3500, 4);
INSERT INTO order_product(order_product_id, created_date, last_modified_date, member_id, product_id, qty, unit_price, order_id) VALUES(10, '2022-11-19 11:11:54', '2022-11-19 11:11:54', 1, 47, 1, 16500, 4);
INSERT INTO order_product(order_product_id, created_date, last_modified_date, member_id, product_id, qty, unit_price, order_id) VALUES(11, '2022-11-19 11:11:54', '2022-11-19 11:11:54', 1, 66, 1, 22900, 5);

INSERT INTO order_product(order_product_id, created_date, last_modified_date, member_id, product_id, qty, unit_price, order_id) VALUES(12, '2022-11-13 11:11:54', '2022-11-13 12:12:54', 1, 66, 1, 22900, 6);
INSERT INTO order_product(order_product_id, created_date, last_modified_date, member_id, product_id, qty, unit_price, order_id) VALUES(13, '2022-11-13 12:12:54', '2022-11-13 12:12:54', 1, 101, 1, 19900, 7);
INSERT INTO order_product(order_product_id, created_date, last_modified_date, member_id, product_id, qty, unit_price, order_id) VALUES(14, '2022-11-13 12:12:54', '2022-11-13 12:12:54', 1, 79, 1, 18900, 7);
INSERT INTO order_product(order_product_id, created_date, last_modified_date, member_id, product_id, qty, unit_price, order_id) VALUES(15, '2022-11-13 12:12:54', '2022-11-13 12:12:54', 1, 35, 1, 3500, 7);
INSERT INTO order_product(order_product_id, created_date, last_modified_date, member_id, product_id, qty, unit_price, order_id) VALUES(16, '2022-11-13 12:12:54', '2022-11-13 12:12:54', 1, 47, 1, 16500, 7);

INSERT INTO order_product(order_product_id, created_date, last_modified_date, member_id, product_id, qty, unit_price, order_id) VALUES(17, '2022-01-13 11:11:54', '2022-01-13 12:12:54', 1, 66, 1, 22900, 8);
INSERT INTO order_product(order_product_id, created_date, last_modified_date, member_id, product_id, qty, unit_price, order_id) VALUES(18, '2022-02-13 11:11:54', '2022-02-13 12:12:54', 1, 66, 1, 22900, 9);
INSERT INTO order_product(order_product_id, created_date, last_modified_date, member_id, product_id, qty, unit_price, order_id) VALUES(19, '2022-03-13 11:11:54', '2022-03-13 12:12:54', 1, 66, 1, 22900, 10);
INSERT INTO order_product(order_product_id, created_date, last_modified_date, member_id, product_id, qty, unit_price, order_id) VALUES(20, '2022-04-13 11:11:54', '2022-04-13 12:12:54', 1, 66, 1, 22900, 11);
INSERT INTO order_product(order_product_id, created_date, last_modified_date, member_id, product_id, qty, unit_price, order_id) VALUES(21, '2022-05-13 11:11:54', '2022-05-13 12:12:54', 1, 66, 1, 22900, 12);
INSERT INTO order_product(order_product_id, created_date, last_modified_date, member_id, product_id, qty, unit_price, order_id) VALUES(22, '2022-06-13 11:11:54', '2022-06-13 12:12:54', 1, 66, 1, 22900, 13);
INSERT INTO order_product(order_product_id, created_date, last_modified_date, member_id, product_id, qty, unit_price, order_id) VALUES(23, '2022-07-13 11:11:54', '2022-07-13 12:12:54', 1, 66, 1, 22900, 14);
INSERT INTO order_product(order_product_id, created_date, last_modified_date, member_id, product_id, qty, unit_price, order_id) VALUES(24, '2022-08-13 11:11:54', '2022-08-13 12:12:54', 1, 66, 1, 22900, 15);
INSERT INTO order_product(order_product_id, created_date, last_modified_date, member_id, product_id, qty, unit_price, order_id) VALUES(25, '2022-09-13 11:11:54', '2022-09-13 12:12:54', 1, 66, 1, 22900, 16);



INSERT INTO cart(cart_id, created_date, last_modified_date, cart_status, member_id, product_id, qty) VALUES(1, '2022-10-20 00:00:00', '2022-10-20 00:00:00', 'IN_CART', 1, 30, 1);
INSERT INTO cart(cart_id, created_date, last_modified_date, cart_status, member_id, product_id, qty) VALUES(2, '2022-10-20 00:00:00', '2022-10-20 00:00:00', 'IN_CART', 1, 40, 1);

INSERT INTO cart(cart_id, created_date, last_modified_date, cart_status, member_id, product_id, qty) VALUES(3, '2022-10-20 00:00:00', '2022-10-20 00:00:00', 'IN_CART', 1, 1, 1);
INSERT INTO cart(cart_id, created_date, last_modified_date, cart_status, member_id, product_id, qty) VALUES(4, '2022-10-20 00:00:00', '2022-10-20 00:00:00', 'IN_CART', 1, 2, 1);